{
  "result": [
    {
      "name": "AUSTIN 27 0", 
      "x": -97.7931, 
      "y": 30.20435503, 
      "zone": 3, 
      "\ufeffid": 108
    }, 
    {
      "name": "CEDAR PARK 1", 
      "x": -97.81556, 
      "y": 30.50146758, 
      "zone": 3, 
      "\ufeffid": 301
    }, 
    {
      "name": "ROUND ROCK 3 1", 
      "x": -97.638566, 
      "y": 30.49926552, 
      "zone": 3, 
      "\ufeffid": 1563
    }, 
    {
      "name": "ROUND ROCK 4 0", 
      "x": -97.721298, 
      "y": 30.53187435, 
      "zone": 3, 
      "\ufeffid": 1565
    }
  ]
}
